Workbook

Sheet Execuções
A1: Parte | B1: Arquitetura | C1: Chamado | D1: Data e hora da execução | E1: Natureza atribuída | F1: Ações, na ordem | G1: Aprovação humana (Sim/Não) | H1: Justificativa da aprovação | I1: Tokens de entrada | J1: Custo estimado | K1: Moeda | L1: Tempo (s) | M1: Procedimento correto (Sim/Não) | N1: Aprovação correta (Sim/Não) | O1: Diferença em relação ao esperado
A2: A | B2: A | C2: R00213
A3: A | B3: A | C3: R00227
A4: A | B4: A | C4: R00241
A5: A | B5: A | C5: R00258
A6: A | B6: A | C6: R00262
A7: A | B7: A | C7: R00275
A8: A | B8: B | C8: R00213
A9: A | B9: B | C9: R00227
A10: A | B10: B | C10: R00241
A11: A | B11: B | C11: R00258
A12: A | B12: B | C12: R00262
A13: A | B13: B | C13: R00275
... A25: B | B25: B | C25: R00275

Sheet Resumo
A1: Parte | B1: Arquitetura | C1: Execuções registradas | D1: Procedimento correto | E1: Aprovação correta | F1: Tokens de entrada (soma) | G1: Custo estimado (soma) | H1: Tempo médio (s)
A2: A | B2: A | C2: =COUNTIFS(Execuções!$A$2:$A$25,"A",Execuções!$B$2:$B$25,"A",Execuções!$E$2:$E$25,"<>") -> 0 | D2: =COUNTIFS(Execuções!$A$2:$A$25,"A",Execuções!$B$2:$B$25,"A",Execuções!$M$2:$M$25,"Sim") -> 0 | E2: =COUNTIFS(Execuções!$A$2:$A$25,"A",Execuções!$B$2:$B$25,"A",Execuções!$N$2:$N$25,"Sim") -> 0 | F2: =SUMIFS(Execuções!$I$2:$I$25,Execuções!$A$2:$A$25,"A",Execuções!$B$2:$B$25,"A") -> 0 | G2: =SUMIFS(Execuções!$J$2:$J$25,Execuções!$A$2:$A$25,"A",Execuções!$B$2:$B$25,"A") -> 0 | H2: =IFERROR(AVERAGEIFS(Execuções!$L$2:$L$25,Execuções!$A$2:$A$25,"A",Execuções!$B$2:$B$25,"A"),"")
A3: A | B3: B | C3: =COUNTIFS(Execuções!$A$2:$A$25,"A",Execuções!$B$2:$B$25,"B",Execuções!$E$2:$E$25,"<>") -> 0 | D3: =COUNTIFS(Execuções!$A$2:$A$25,"A",Execuções!$B$2:$B$25,"B",Execuções!$M$2:$M$25,"Sim") -> 0 | E3: =COUNTIFS(Execuções!$A$2:$A$25,"A",Execuções!$B$2:$B$25,"B",Execuções!$N$2:$N$25,"Sim") -> 0 | F3: =SUMIFS(Execuções!$I$2:$I$25,Execuções!$A$2:$A$25,"A",Execuções!$B$2:$B$25,"B") -> 0 | G3: =SUMIFS(Execuções!$J$2:$J$25,Execuções!$A$2:$A$25,"A",Execuções!$B$2:$B$25,"B") -> 0 | H3: =IFERROR(AVERAGEIFS(Execuções!$L$2:$L$25,Execuções!$A$2:$A$25,"A",Execuções!$B$2:$B$25,"B"),"")
A4: B | B4: A | C4: =COUNTIFS(Execuções!$A$2:$A$25,"B",Execuções!$B$2:$B$25,"A",Execuções!$E$2:$E$25,"<>") -> 0 | D4: =COUNTIFS(Execuções!$A$2:$A$25,"B",Execuções!$B$2:$B$25,"A",Execuções!$M$2:$M$25,"Sim") -> 0 | E4: =COUNTIFS(Execuções!$A$2:$A$25,"B",Execuções!$B$2:$B$25,"A",Execuções!$N$2:$N$25,"Sim") -> 0 | F4: =SUMIFS(Execuções!$I$2:$I$25,Execuções!$A$2:$A$25,"B",Execuções!$B$2:$B$25,"A") -> 0 | G4: =SUMIFS(Execuções!$J$2:$J$25,Execuções!$A$2:$A$25,"B",Execuções!$B$2:$B$25,"A") -> 0 | H4: =IFERROR(AVERAGEIFS(Execuções!$L$2:$L$25,Execuções!$A$2:$A$25,"B",Execuções!$B$2:$B$25,"A"),"")
A5: B | B5: B | C5: =COUNTIFS(Execuções!$A$2:$A$25,"B",Execuções!$B$2:$B$25,"B",Execuções!$E$2:$E$25,"<>") -> 0 | D5: =COUNTIFS(Execuções!$A$2:$A$25,"B",Execuções!$B$2:$B$25,"B",Execuções!$M$2:$M$25,"Sim") -> 0 | E5: =COUNTIFS(Execuções!$A$2:$A$25,"B",Execuções!$B$2:$B$25,"B",Execuções!$N$2:$N$25,"Sim") -> 0 | F5: =SUMIFS(Execuções!$I$2:$I$25,Execuções!$A$2:$A$25,"B",Execuções!$B$2:$B$25,"B") -> 0 | G5: =SUMIFS(Execuções!$J$2:$J$25,Execuções!$A$2:$A$25,"B",Execuções!$B$2:$B$25,"B") -> 0 | H5: =IFERROR(AVERAGEIFS(Execuções!$L$2:$L$25,Execuções!$A$2:$A$25,"B",Execuções!$B$2:$B$25,"B"),"")

Sheet Repetições
A1: Parte | B1: Arquitetura | C1: Chamado | D1: Data e hora | E1: Motivo da repetição | F1: Execução substituída (data e hora)

Sheet Legenda
A1: Tabela de medição do trabalho final. Uma linha por execução medida: 2 partes x 2 arquiteturas x 6 chamados = 24 linhas, já identificadas nas três primeiras colunas.
A2: Preencha as células em amarelo da aba Execuções. As colunas Parte, Arquitetura e Chamado não se alteram.
A3: Tokens de entrada, Custo estimado, Moeda e Tempo: valores lidos no CrewAI Studio para a execução publicada. Tempo em segundos.
A4: Procedimento correto e Aprovação correta: julgamento do grupo, Sim ou Não, comparando a saída com os procedimentos da versão em vigor na parte (v1 na Parte A, v2 na Parte B).
A5: Diferença em relação ao esperado: quando houver Não em uma das duas colunas anteriores, descreva o que a saída trouxe de diferente do procedimento.
A6: A aba Resumo calcula, por parte e arquitetura, as contagens e somas a partir da aba Execuções. Não digite nela.
A7: Execuções de montagem não entram na aba Execuções. Repetição de uma execução medida vai na aba Repetições, com o motivo, e a linha da aba Execuções recebe a execução que vale.
A8: Exemplo de linha preenchida (valores ilustrativos):
A9: A | A | R00213 | 12/11/2026 20:15 | Entrega | 1. consultar o rastreio; 2. responder | Não | não há reembolso | 2.480 | 0,0019 | USD | 14,2 | Sim | Sim | (vazio)
